gene_id	gene_symbol	description	scientific_name	common_name	tax_id	genomic_range	orientation	location	gene_type	transcript_accession	transcript_name	transcript_length	transcript_cds_coords	protein_accession	isoform_name	protein_length	protein_name
1395	CRHR2	corticotropin releasing hormone receptor 2	Homo sapiens	human	9606	NC_000007.14:30649406-30700103	-	chr 7	PROTEIN_CODING	XM_017011752.2	transcript variant X2	6496	XM_017011752.2:1249-2442	XP_016867241.1	isoform X2	397	corticotropin-releasing factor receptor 2
1395	CRHR2	corticotropin releasing hormone receptor 2	Homo sapiens	human	9606	NC_000007.14:30649406-30700103	-	chr 7	PROTEIN_CODING	XM_024446665.1	transcript variant X1	6651	XM_024446665.1:1362-2597	XP_024302433.1	isoform X1	411	corticotropin-releasing factor receptor 2
1395	CRHR2	corticotropin releasing hormone receptor 2	Homo sapiens	human	9606	NC_000007.14:30649406-30700103	-	chr 7	PROTEIN_CODING	NM_001202482.2	transcript variant 4	2927	NM_001202482.2:177-1409	NP_001189411.1	isoform 4	410	corticotropin-releasing factor receptor 2
1395	CRHR2	corticotropin releasing hormone receptor 2	Homo sapiens	human	9606	NC_000007.14:30649406-30700103	-	chr 7	PROTEIN_CODING	NM_001883.5	transcript variant 1	2930	NM_001883.5:177-1412	NP_001874.2	isoform 1	411	corticotropin-releasing factor receptor 2
1395	CRHR2	corticotropin releasing hormone receptor 2	Homo sapiens	human	9606	NC_000007.14:30649406-30700103	-	chr 7	PROTEIN_CODING	NM_001202483.2	transcript variant 5	3041	NM_001202483.2:177-1340	NP_001189412.1	isoform 5	387	corticotropin-releasing factor receptor 2
1395	CRHR2	corticotropin releasing hormone receptor 2	Homo sapiens	human	9606	NC_000007.14:30649406-30700103	-	chr 7	PROTEIN_CODING	NM_001202475.1	transcript variant 2	2904	NM_001202475.1:71-1387	NP_001189404.1	isoform 2 precursor	438	corticotropin-releasing factor receptor 2
1395	CRHR2	corticotropin releasing hormone receptor 2	Homo sapiens	human	9606	NC_000007.14:30649406-30700103	-	chr 7	PROTEIN_CODING	NM_001202481.1	transcript variant 3	3131	NM_001202481.1:421-1614	NP_001189410.1	isoform 3	397	corticotropin-releasing factor receptor 2
